-----,esp,tab,\n,L,A..F,x,0,N,[,s,],#,<,>,!,",",:,"""+""",-,*,/,(,),.,"""=""",c,;
0,0,0,0,4,4,4,1,5,12,-1,-1,13,16,16,17,11,17,11,11,11,11,11,11,11,11,-1,11
1,-1,-1,-1,-1,-1,2,5,5,-1,-1,-1,-1,-1,-1,-1,-1,-1,-1,-1,-1,-1,-1,-1,6,-1,-1,-1
2,-1,-1,-1,-1,3,-1,3,3,-1,-1,-1,-1,-1,-1,-1,-1,-1,-1,-1,-1,-1,-1,-1,-1,-1,-1,-1
3,11,11,11,11,3,11,3,3,11,11,11,11,11,11,11,11,11,11,11,11,11,11,11,11,11,11,11
4,11,11,11,4,4,4,11,11,11,4,11,11,11,11,11,11,11,11,11,11,11,11,11,11,11,11,11
5,11,11,11,11,11,11,11,5,11,11,11,11,11,11,11,11,11,11,11,11,11,11,11,6,11,11,11
6,-1,-1,-1,-1,-1,-1,-1,7,-1,-1,-1,-1,-1,-1,-1,-1,-1,-1,-1,-1,-1,-1,-1,-1,-1,-1,-1
7,11,11,11,11,11,11,11,7,11,8,11,11,11,11,11,11,11,11,11,11,11,11,11,11,11,11,11
8,-1,-1,-1,-1,-1,-1,-1,9,-1,-1,-1,-1,-1,-1,-1,-1,-1,10,10,-1,-1,-1,-1,-1,-1,-1,-1
9,11,11,11,11,11,11,11,9,11,11,11,11,11,11,11,11,11,11,11,11,11,11,11,11,11,11,11
10,-1,-1,-1,-1,-1,-1,-1,9,-1,-1,-1,-1,-1,-1,-1,-1,-1,-1,-1,-1,-1,-1,-1,-1,-1,-1,-1
11,-1,-1,-1,-1,-1,-1,-1,-1,-1,-1,-1,-1,-1,-1,-1,-1,-1,-1,-1,-1,-1,-1,-1,-1,-1,-1,-1
12,14,14,14,14,14,14,14,14,14,14,14,14,14,14,14,14,14,14,14,14,14,14,14,14,14,14,14
13,-1,-1,-1,-1,-1,-1,-1,-1,-1,-1,-1,15,-1,-1,-1,-1,-1,-1,-1,-1,-1,-1,-1,-1,-1,-1,-1
14,14,14,14,14,14,14,14,14,14,14,11,14,14,14,14,14,14,14,14,14,14,14,14,14,14,14,14
15,15,15,11,15,15,15,15,15,15,15,15,15,15,15,15,15,15,15,15,15,15,15,15,15,15,15,15
16,11,11,11,11,11,11,11,11,11,11,11,11,11,11,11,11,11,11,11,11,11,11,11,11,11,11,11
17,-1,-1,-1,-1,-1,-1,-1,-1,-1,-1,-1,-1,-1,-1,11,-1,11,-1,-1,-1,-1,-1,-1,-1,11,-1,-1